date,ret,cum
2026-06-16,-0.002125281320330074,-0.0021252813203300747
2026-06-17,0.033509286572604546,0.031312788591464136
2026-06-22,-0.0036083340853595427,0.027591467503722322
2026-06-23,-0.007866372267319122,0.01950805048161719
2026-06-24,-0.0006814714793252482,0.018813284822271514
2026-06-26,0.00012334044839700398,0.018938945709654265
2026-06-27,-0.0009539486255919069,0.017966930302832473
2026-06-29,0.0023441533399309123,0.02035320088244097
2026-07-01,-0.0017273757863828293,0.018590667469678523
