date,ticker,agg_sent,agg_news,divergence,label,n_sent,n_news,sent_lo,sent_hi,news_lo,news_hi,low_n
2026-06-16,HDFCBANK.NS,0.3396,0.2693,0.0703,BULLISH (Confirmed),10,15,,,,,
2026-06-16,INFY.NS,-0.1654,0.0423,0.2077,"DIVERGENT (sent=-0.17, news=+0.04)",7,19,,,,,
2026-06-16,RELIANCE.NS,0.5547,0.1798,0.3749,SPECULATIVE HYPE (Retail Bullish / Fundamental Neutral),21,16,,,,,
2026-06-16,TCS.NS,-0.2551,-0.0793,0.1758,NEUTRAL,17,30,,,,,
2026-06-17,HDFCBANK.NS,0.3406,0.2693,0.0714,BULLISH (Confirmed),10,15,-0.4676,0.8421,-0.2587,0.6712,0.0
2026-06-17,INFY.NS,-0.4029,0.0418,0.4447,OVERREACTION (Fundamental Stable / Retail Panic),6,19,-0.8277,0.6603,-0.4018,0.492,0.0
2026-06-17,RELIANCE.NS,0.5551,0.1798,0.3753,SPECULATIVE HYPE (Retail Bullish / Fundamental Neutral),21,16,0.2386,0.7663,-0.1272,0.4727,0.0
2026-06-17,TCS.NS,-0.2617,-0.0793,0.1825,NEUTRAL,15,30,-0.6929,0.3052,-0.3988,0.2356,0.0
2026-06-22,HDFCBANK.NS,-0.3206,0.2922,0.6128,UNDER-THE-RADAR VALUE (Fundamental Bullish / Retail Neutral),13,17,-0.7669,0.4451,-0.0992,0.6288,0.0
2026-06-22,INFY.NS,-0.6361,-0.4297,0.2063,OVERREACTION (Fundamental Stable / Retail Panic),31,28,-0.867,-0.3439,-0.6601,-0.1619,0.0
2026-06-22,RELIANCE.NS,0.3518,0.2713,0.0805,BULLISH (Confirmed),12,13,-0.3703,0.8282,-0.0208,0.6131,0.0
2026-06-22,TCS.NS,-0.5626,-0.3225,0.2401,OVERREACTION (Fundamental Stable / Retail Panic),29,33,-0.8065,-0.2171,-0.594,-0.0237,0.0
2026-06-23,HDFCBANK.NS,0.3047,0.2935,0.0112,BULLISH (Confirmed),17,14,-0.4347,0.8168,0.0375,0.5957,0.0
2026-06-23,INFY.NS,-0.6545,-0.4924,0.1621,BEARISH (Confirmed),37,22,-0.8551,-0.363,-0.747,-0.2023,0.0
2026-06-23,RELIANCE.NS,0.7827,0.3406,0.4421,SPECULATIVE HYPE (Retail Bullish / Fundamental Neutral),14,7,0.5518,0.8629,-0.1872,0.9264,0.0
2026-06-23,TCS.NS,-0.6128,-0.382,0.2307,OVERREACTION (Fundamental Stable / Retail Panic),35,29,-0.8057,-0.3031,-0.6735,-0.0583,0.0
2026-06-24,ADANIENT.NS,0.8131,0.746,,,19,14,0.6682,0.8801,0.4776,0.9615,0.0
2026-06-24,ADANIPORTS.NS,0.1403,0.5244,,,17,12,-0.3424,0.6406,0.0466,0.8947,0.0
2026-06-24,APOLLOHOSP.NS,0.6898,0.6005,,,14,12,0.4861,0.8096,0.2513,0.8886,0.0
2026-06-24,ASIANPAINT.NS,0.7143,0.598,,,15,12,0.518,0.8311,0.2597,0.8622,0.0
2026-06-24,AXISBANK.NS,0.3044,0.3022,,,16,12,-0.4902,0.8618,-0.2625,0.861,0.0
2026-06-24,BAJAJ-AUTO.NS,-0.1173,0.3206,,,16,12,-0.5552,0.7407,-0.2652,0.8593,0.0
2026-06-24,BAJAJFINSV.NS,0.6753,0.8477,,,13,9,0.4059,0.8197,0.5206,1.0,0.0
2026-06-24,BAJFINANCE.NS,0.7371,0.5588,,,15,12,0.5552,0.8467,0.2357,0.8492,0.0
2026-06-24,BHARTIARTL.NS,0.4513,0.6833,,,16,11,-0.0665,0.7989,0.3302,0.9258,0.0
2026-06-24,BPCL.NS,0.3917,0.5151,,,16,13,-0.2012,0.8272,0.1291,0.8934,0.0
2026-06-24,BRITANNIA.NS,0.6753,0.7696,,,13,10,0.4563,0.8182,0.3688,0.9604,0.0
2026-06-24,CIPLA.NS,0.8044,0.8823,,,15,10,0.5993,0.8831,0.6342,1.0,0.0
2026-06-24,COALINDIA.NS,0.7468,0.381,,,14,10,0.5264,0.8158,-0.3186,0.9657,0.0
2026-06-24,DIVISLAB.NS,0.7502,0.5777,,,15,11,0.5424,0.867,0.2352,0.9276,0.0
2026-06-24,DRREDDY.NS,0.7493,0.8477,,,14,9,0.5061,0.8613,0.531,1.0,0.0
2026-06-24,EICHERMOT.NS,0.7622,0.655,,,15,10,0.5653,0.8492,0.2816,1.0,0.0
2026-06-24,GRASIM.NS,0.6892,0.8477,,,15,9,0.5213,0.7912,0.5452,1.0,0.0
2026-06-24,HCLTECH.NS,0.7393,0.8115,,,17,11,0.5842,0.8391,0.4944,1.0,0.0
2026-06-24,HDFCBANK.NS,0.7423,0.5972,,,20,14,0.4982,0.8502,0.2994,0.9088,0.0
2026-06-24,HDFCLIFE.NS,0.7797,0.6445,,,14,10,0.5081,0.8657,0.2981,1.0,0.0
2026-06-24,HEROMOTOCO.NS,0.6965,0.8814,,,15,11,0.4764,0.8188,0.6473,1.0,0.0
2026-06-24,HINDALCO.NS,0.0617,0.2905,,,17,11,-0.4868,0.8129,-0.3778,0.9215,0.0
2026-06-24,HINDUNILVR.NS,0.5197,0.8477,,,14,9,0.129,0.7862,0.4976,1.0,0.0
2026-06-24,ICICIBANK.NS,0.8039,0.5107,,,16,12,0.5964,0.874,0.182,0.8554,0.0
2026-06-24,INDUSINDBK.NS,0.7628,0.7177,,,15,10,0.5507,0.8628,0.373,0.9645,0.0
2026-06-24,INFY.NS,-0.3253,-0.2715,,,38,23,-0.6597,0.0312,-0.5844,0.0896,0.0
2026-06-24,ITC.NS,0.6753,0.8477,,,13,9,0.4254,0.8177,0.5205,1.0,0.0
2026-06-24,JSWSTEEL.NS,0.6753,0.8477,,,13,9,0.428,0.8193,0.5383,1.0,0.0
2026-06-24,KOTAKBANK.NS,0.7803,0.5132,,,16,12,0.5823,0.865,-0.0681,0.9261,0.0
2026-06-24,LT.NS,0.7253,0.5415,,,16,14,0.5353,0.8338,0.1715,0.8274,0.0
2026-06-24,LTIM.NS,0.7747,0.6542,,,14,10,0.5231,0.8511,0.3079,1.0,0.0
2026-06-24,M&M.NS,0.4017,0.2724,,,16,12,-0.2204,0.8354,-0.2305,0.8212,0.0
2026-06-24,MARUTI.NS,0.2914,0.4861,,,18,13,-0.2412,0.8275,-0.0013,0.8699,0.0
2026-06-24,NESTLEIND.NS,0.6753,0.8477,,,13,9,0.4314,0.8144,0.5121,1.0,0.0
2026-06-24,NTPC.NS,0.8273,0.6658,,,17,12,0.676,0.8725,0.3549,0.949,0.0
2026-06-24,ONGC.NS,0.3989,0.5413,,,17,11,-0.0342,0.6962,0.0353,0.9091,0.0
2026-06-24,POWERGRID.NS,0.6344,0.542,,,18,12,0.1641,0.8335,0.2005,0.8866,0.0
2026-06-24,RELIANCE.NS,0.6108,0.5639,,,19,11,0.1726,0.8413,0.2137,0.9007,0.0
2026-06-24,SBILIFE.NS,0.6928,0.6204,,,15,11,0.4923,0.7993,0.2765,0.9349,0.0
2026-06-24,SBIN.NS,0.6861,0.584,,,17,12,0.5251,0.7882,0.246,0.8967,0.0
2026-06-24,SHRIRAMFIN.NS,0.5936,0.7386,,,15,12,0.2594,0.7902,0.4357,0.9413,0.0
2026-06-24,SUNPHARMA.NS,0.7434,0.599,,,16,12,0.4588,0.8443,0.2144,0.9426,0.0
2026-06-24,TATACONSUM.NS,0.7257,0.6215,,,17,11,0.5918,0.8414,0.2622,0.9319,0.0
2026-06-24,TATAMOTORS.NS,0.6075,0.4995,,,16,13,0.1334,0.8439,0.2115,0.8099,0.0
2026-06-24,TATASTEEL.NS,0.5273,0.5841,,,17,12,0.0089,0.7994,0.0434,0.9461,0.0
2026-06-24,TCS.NS,-0.47,-0.2523,,,37,32,-0.7228,-0.1487,-0.5293,0.0533,0.0
2026-06-24,TECHM.NS,0.0735,0.3555,,,16,11,-0.4551,0.6516,-0.2489,0.92,0.0
2026-06-24,TITAN.NS,0.6356,0.686,,,15,11,0.4166,0.7926,0.341,0.9287,0.0
2026-06-24,ULTRACEMCO.NS,0.5227,0.4909,,,15,11,0.1245,0.8031,-0.1103,0.9141,0.0
2026-06-24,WIPRO.NS,0.2301,0.23,,,22,15,-0.3708,0.7749,-0.2695,0.689,0.0
2026-06-26,ADANIENT.NS,0.8692,0.4227,,,16,16,0.8019,0.9052,0.0728,0.7307,0.0
2026-06-26,ADANIPORTS.NS,0.5764,0.0516,,,11,14,0.2022,0.8469,-0.3825,0.4319,0.0
2026-06-26,APOLLOHOSP.NS,0.8119,0.2109,,,8,11,0.6875,0.8788,-0.2942,0.6528,0.0
2026-06-26,ASIANPAINT.NS,0.8207,0.1519,,,10,14,0.7253,0.875,-0.2274,0.4927,0.0
2026-06-26,AXISBANK.NS,0.8635,0.1574,,,9,13,0.727,0.9023,-0.1673,0.5271,0.0
2026-06-26,BAJAJ-AUTO.NS,0.0381,-0.0319,,,12,14,-0.4989,0.8174,-0.4581,0.4626,0.0
2026-06-26,BAJAJFINSV.NS,0.8119,0.2109,,,8,11,0.6663,0.8767,-0.2536,0.6422,0.0
2026-06-26,BAJFINANCE.NS,0.8366,0.1578,,,10,14,0.7485,0.8899,-0.1927,0.5021,0.0
2026-06-26,BHARTIARTL.NS,0.5567,0.1782,,,10,13,0.0262,0.8692,-0.2525,0.5147,0.0
2026-06-26,BPCL.NS,0.5278,0.2543,,,12,15,0.0036,0.8738,-0.1227,0.614,0.0
2026-06-26,BRITANNIA.NS,0.8628,0.3813,,,9,12,0.7319,0.8942,-0.1611,0.7768,0.0
2026-06-26,CIPLA.NS,0.8741,0.3552,,,11,12,0.7997,0.9057,-0.156,0.7057,0.0
2026-06-26,COALINDIA.NS,0.8117,-0.0368,,,9,12,0.7281,0.8623,-0.5642,0.4968,0.0
2026-06-26,DIVISLAB.NS,0.7422,0.189,,,9,12,0.6314,0.8595,-0.2303,0.5929,0.0
2026-06-26,DRREDDY.NS,0.5343,0.1653,,,10,12,-0.198,0.8878,-0.2511,0.5349,0.0
2026-06-26,EICHERMOT.NS,0.8449,0.1723,,,9,12,0.7281,0.8856,-0.2124,0.563,0.0
2026-06-26,GRASIM.NS,0.7803,0.2109,,,9,11,0.6755,0.8633,-0.2512,0.6773,0.0
2026-06-26,HCLTECH.NS,0.3548,0.1415,,,12,14,-0.1365,0.7978,-0.2968,0.5849,0.0
2026-06-26,HDFCBANK.NS,0.7776,0.2005,,,16,16,0.5885,0.8676,-0.1109,0.5095,0.0
2026-06-26,HDFCLIFE.NS,0.8504,0.1701,,,9,12,0.7347,0.8886,-0.2457,0.5451,0.0
2026-06-26,HEROMOTOCO.NS,0.388,0.139,,,11,13,-0.4078,0.8932,-0.1705,0.441,0.0
2026-06-26,HINDALCO.NS,0.3292,0.1013,,,10,14,-0.3641,0.8837,-0.3487,0.4915,0.0
2026-06-26,HINDUNILVR.NS,0.7425,0.2109,,,10,11,0.3718,0.8627,-0.2695,0.6255,0.0
2026-06-26,ICICIBANK.NS,0.8288,0.1664,,,10,13,0.7337,0.8818,-0.199,0.5204,0.0
2026-06-26,INDUSINDBK.NS,0.8411,0.2109,,,9,11,0.7359,0.8894,-0.2628,0.602,0.0
2026-06-26,INFY.NS,-0.1195,-0.3251,,,30,26,-0.5717,0.2569,-0.5875,-0.0391,0.0
2026-06-26,ITC.NS,0.8119,0.2109,,,8,11,0.6718,0.873,-0.2717,0.6398,0.0
2026-06-26,JSWSTEEL.NS,0.8231,0.1853,,,9,12,0.712,0.884,-0.2589,0.5854,0.0
2026-06-26,KOTAKBANK.NS,0.8124,0.0353,,,12,12,0.6765,0.8862,-0.504,0.5463,0.0
2026-06-26,LT.NS,0.6731,0.1387,,,11,14,0.3123,0.8643,-0.2725,0.5242,0.0
2026-06-26,LTIM.NS,0.8413,0.1454,,,10,13,0.7683,0.8702,-0.1655,0.5025,0.0
2026-06-26,M&M.NS,0.5679,0.0519,,,11,13,-0.0688,0.8857,-0.3657,0.4645,0.0
2026-06-26,MARUTI.NS,-0.1067,0.056,,,11,14,-0.6186,0.8481,-0.4101,0.5284,0.0
2026-06-26,NESTLEIND.NS,0.8119,0.2035,,,8,12,0.6782,0.8772,-0.2294,0.6301,0.0
2026-06-26,NTPC.NS,0.6879,0.2181,,,11,13,0.2183,0.8855,-0.3174,0.6846,0.0
2026-06-26,ONGC.NS,0.7911,0.1975,,,10,12,0.6462,0.8878,-0.2661,0.617,0.0
2026-06-26,POWERGRID.NS,0.7754,0.2182,,,13,15,0.4851,0.8814,-0.1143,0.5352,0.0
2026-06-26,RELIANCE.NS,0.4728,0.1367,,,13,14,-0.0545,0.8583,-0.1824,0.4404,0.0
2026-06-26,SBILIFE.NS,0.7866,0.1649,,,10,13,0.6877,0.858,-0.2126,0.5188,0.0
2026-06-26,SBIN.NS,0.8306,0.1569,,,11,14,0.7217,0.8763,-0.1652,0.4958,0.0
2026-06-26,SHRIRAMFIN.NS,0.8672,0.1601,,,9,13,0.7297,0.9012,-0.204,0.5238,0.0
2026-06-26,SUNPHARMA.NS,0.8416,0.2309,,,10,14,0.7651,0.8728,-0.2035,0.5836,0.0
2026-06-26,TATACONSUM.NS,0.7987,0.1837,,,12,12,0.7068,0.8857,-0.2399,0.5653,0.0
2026-06-26,TATAMOTORS.NS,0.7664,0.1315,,,12,14,0.3688,0.8934,-0.1914,0.4452,0.0
2026-06-26,TATASTEEL.NS,0.8088,0.228,,,10,13,0.7393,0.8583,-0.334,0.6764,0.0
2026-06-26,TCS.NS,-0.4545,-0.3526,,,28,32,-0.7175,-0.0738,-0.6081,-0.0742,0.0
2026-06-26,TECHM.NS,0.8315,0.1721,,,9,12,0.7275,0.8678,-0.2285,0.5552,0.0
2026-06-26,TITAN.NS,0.7985,0.1533,,,11,14,0.6202,0.8857,-0.2116,0.484,0.0
2026-06-26,ULTRACEMCO.NS,-0.1765,0.0962,,,10,14,-0.6385,0.8403,-0.3145,0.4565,0.0
2026-06-26,WIPRO.NS,-0.1006,0.1407,,,15,14,-0.5778,0.6438,-0.2901,0.5298,0.0
2026-06-29,ADANIENT.NS,0.7993,0.4129,,,16,14,0.5979,0.8984,0.1289,0.7245,0.0
2026-06-29,ADANIPORTS.NS,0.7386,0.3368,,,10,9,0.5914,0.8577,0.0669,0.7192,0.0
2026-06-29,APOLLOHOSP.NS,0.7977,0.445,,,10,7,0.6983,0.863,0.129,0.9374,0.0
2026-06-29,ASIANPAINT.NS,-0.3162,0.001,,,11,8,-0.7675,0.8778,-0.5154,0.7365,0.0
2026-06-29,AXISBANK.NS,-0.0396,0.0169,,,12,10,-0.5747,0.8711,-0.3576,0.49,0.0
2026-06-29,BAJAJ-AUTO.NS,0.0396,0.0849,,,11,10,-0.5179,0.8347,-0.3925,0.5871,0.0
2026-06-29,BAJAJFINSV.NS,0.8065,0.445,,,9,7,0.6895,0.8789,0.106,0.9321,0.0
2026-06-29,BAJFINANCE.NS,0.8065,0.3271,,,9,9,0.6701,0.877,0.0801,0.7073,0.0
2026-06-29,BHARTIARTL.NS,0.8338,0.3556,,,10,9,0.7157,0.8778,0.0863,0.7572,0.0
2026-06-29,BPCL.NS,-0.3473,0.1853,,,12,10,-0.7558,0.8457,-0.0522,0.5269,0.0
2026-06-29,BRITANNIA.NS,0.8525,0.5846,,,10,8,0.7266,0.8913,0.2078,1.0,0.0
2026-06-29,CIPLA.NS,0.8703,0.3698,,,13,11,0.7491,0.9005,0.099,0.738,0.0
2026-06-29,COALINDIA.NS,0.8087,0.1,,,10,8,0.7186,0.8614,-0.4223,0.8744,0.0
2026-06-29,DIVISLAB.NS,0.8065,0.445,,,9,7,0.6951,0.8755,0.1055,0.9373,0.0
2026-06-29,DRREDDY.NS,0.6486,0.1388,,,16,13,0.0801,0.8972,0.0256,0.3395,0.0
2026-06-29,EICHERMOT.NS,0.8348,0.3496,,,10,8,0.7279,0.8825,0.0775,0.7686,0.0
2026-06-29,GRASIM.NS,0.8065,0.445,,,9,7,0.6877,0.8757,0.1246,0.9374,0.0
2026-06-29,HCLTECH.NS,0.7516,0.357,,,10,11,0.6017,0.8578,-0.0232,0.7412,0.0
2026-06-29,HDFCBANK.NS,-0.0559,0.0947,,,14,13,-0.5838,0.8639,-0.2849,0.525,0.0
2026-06-29,HDFCLIFE.NS,0.8401,0.3443,,,10,8,0.7318,0.8868,0.0821,0.7295,0.0
2026-06-29,HEROMOTOCO.NS,0.8625,0.333,,,11,8,0.7684,0.8963,0.0739,0.7758,0.0
2026-06-29,HINDALCO.NS,0.8065,0.3041,,,9,8,0.6914,0.8798,-0.0753,0.772,0.0
2026-06-29,HINDUNILVR.NS,0.4804,0.3857,,,10,8,-0.0668,0.8616,0.0981,0.7721,0.0
2026-06-29,ICICIBANK.NS,0.8247,0.3002,,,10,9,0.7191,0.8639,0.063,0.7091,0.0
2026-06-29,INDUSINDBK.NS,0.8305,0.445,,,10,7,0.7169,0.8836,0.0896,0.9321,0.0
2026-06-29,INFY.NS,0.1327,-0.3057,,,31,24,-0.3093,0.4509,-0.5613,-0.0653,0.0
2026-06-29,ITC.NS,-0.336,0.5127,,,12,9,-0.7621,0.8878,0.1712,0.8817,0.0
2026-06-29,JSWSTEEL.NS,0.7674,0.445,,,10,7,0.6709,0.8523,0.1285,1.0,0.0
2026-06-29,KOTAKBANK.NS,-0.7164,0.102,,,15,12,-0.8742,-0.1938,-0.1268,0.3569,0.0
2026-06-29,LT.NS,-0.4024,-0.1122,,,12,10,-0.783,0.8335,-0.5482,0.5192,0.0
2026-06-29,LTIM.NS,0.834,0.3492,,,10,8,0.713,0.8741,0.0743,0.7622,0.0
2026-06-29,M&M.NS,0.6755,0.3348,,,11,8,0.2426,0.8916,0.0701,0.7222,0.0
2026-06-29,MARUTI.NS,-0.2892,0.001,,,12,8,-0.7426,0.868,-0.5592,0.7971,0.0
2026-06-29,NESTLEIND.NS,0.8065,0.445,,,9,7,0.6924,0.8784,0.129,0.9348,0.0
2026-06-29,NTPC.NS,0.5161,0.2102,,,10,8,-0.0777,0.8576,-0.2926,0.7509,0.0
2026-06-29,ONGC.NS,-0.0405,0.2592,,,13,9,-0.6431,0.8799,0.0629,0.6293,0.0
2026-06-29,POWERGRID.NS,0.5085,0.3585,,,11,11,-0.1166,0.8656,0.1094,0.7176,0.0
2026-06-29,RELIANCE.NS,0.4973,0.2393,,,14,12,0.0108,0.8246,0.0582,0.5349,0.0
2026-06-29,SBILIFE.NS,0.8065,0.445,,,9,7,0.6839,0.8707,0.1475,0.9352,0.0
2026-06-29,SBIN.NS,0.84,0.2943,,,11,11,0.7423,0.8825,0.0702,0.6139,0.0
2026-06-29,SHRIRAMFIN.NS,0.8562,0.333,,,10,8,0.7177,0.8968,0.0734,0.7873,0.0
2026-06-29,SUNPHARMA.NS,0.8352,0.4653,,,11,9,0.7644,0.8722,0.123,0.9109,0.0
2026-06-29,TATACONSUM.NS,0.7655,0.3491,,,10,9,0.6554,0.8589,0.0833,0.747,0.0
2026-06-29,TATAMOTORS.NS,0.7892,0.2253,,,14,11,0.4894,0.8932,0.0435,0.5417,0.0
2026-06-29,TATASTEEL.NS,0.8065,0.1672,,,9,9,0.6894,0.8783,-0.2981,0.643,0.0
2026-06-29,TCS.NS,-0.5541,-0.4088,,,28,30,-0.7926,-0.0821,-0.6455,-0.1705,0.0
2026-06-29,TECHM.NS,0.2052,0.3492,,,11,8,-0.473,0.8579,0.0989,0.7923,0.0
2026-06-29,TITAN.NS,0.8065,0.445,,,9,7,0.6943,0.8737,0.1055,0.9352,0.0
2026-06-29,ULTRACEMCO.NS,0.644,0.1228,,,11,9,0.5532,0.8398,-0.3376,0.6655,0.0
2026-06-29,WIPRO.NS,0.3608,0.0589,,,12,10,-0.2651,0.8757,-0.4266,0.6649,0.0
2026-07-01,ADANIENT.NS,-0.0504,0.3105,,,13,10,-0.6308,0.7986,0.0028,0.6822,0.0
2026-07-01,ADANIPORTS.NS,-0.267,0.6873,,,12,7,-0.7809,0.7301,0.2726,1.0,0.0
2026-07-01,APOLLOHOSP.NS,0.18,0.7605,,,8,5,-0.3634,0.768,0.3378,1.0,0.0
2026-07-01,ASIANPAINT.NS,-0.5495,0.0452,,,10,6,-0.8494,0.7842,-0.6253,1.0,0.0
2026-07-01,AXISBANK.NS,-0.2524,0.0559,,,12,8,-0.6642,0.5498,-0.4483,0.7159,0.0
2026-07-01,BAJAJ-AUTO.NS,-0.3427,0.1499,,,9,8,-0.7099,0.6608,-0.4489,0.8423,0.0
2026-07-01,BAJAJFINSV.NS,0.18,0.7605,,,8,5,-0.3954,0.7679,0.3466,1.0,0.0
2026-07-01,BAJFINANCE.NS,0.18,0.7605,,,8,5,-0.3811,0.779,0.354,1.0,0.0
2026-07-01,BHARTIARTL.NS,0.4888,0.6382,,,9,6,-0.2212,0.8369,0.2862,1.0,0.0
2026-07-01,BPCL.NS,-0.7314,0.4009,,,10,7,-0.8719,0.3678,0.1413,0.8344,0.0
2026-07-01,BRITANNIA.NS,0.5828,0.8423,,,9,6,-0.269,0.8595,0.4423,1.0,0.0
2026-07-01,CIPLA.NS,0.7814,0.5332,,,12,8,0.2965,0.9009,0.1881,1.0,0.0
2026-07-01,COALINDIA.NS,0.4062,0.6096,,,9,6,-0.2215,0.7019,0.2646,1.0,0.0
2026-07-01,DIVISLAB.NS,0.18,0.7605,,,8,5,-0.3671,0.7784,0.3378,1.0,0.0
2026-07-01,DRREDDY.NS,0.5807,0.1957,,,14,10,-0.1093,0.877,0.0366,0.4997,0.0
2026-07-01,EICHERMOT.NS,0.4569,0.5351,,,9,6,-0.2374,0.8405,0.1777,1.0,0.0
2026-07-01,GRASIM.NS,0.18,0.7605,,,8,5,-0.3723,0.768,0.3378,1.0,0.0
2026-07-01,HCLTECH.NS,0.18,0.4312,,,8,8,-0.3592,0.7722,-0.0318,0.85,0.0
2026-07-01,HDFCBANK.NS,0.2427,0.1192,,,14,10,-0.5876,0.8565,-0.334,0.6606,0.0
2026-07-01,HDFCLIFE.NS,0.4977,0.4295,,,9,7,-0.2881,0.8534,0.0953,0.8312,0.0
2026-07-01,HEROMOTOCO.NS,-0.3991,0.3377,,,10,7,-0.8746,0.8423,0.0728,0.8314,0.0
2026-07-01,HINDALCO.NS,-0.1549,0.2129,,,11,6,-0.721,0.7124,-0.4739,1.0,0.0
2026-07-01,HINDUNILVR.NS,0.1958,0.6729,,,10,7,-0.3493,0.5973,0.2561,1.0,0.0
2026-07-01,ICICIBANK.NS,-0.2892,0.4359,,,10,7,-0.8076,0.8054,0.1055,0.8297,0.0
2026-07-01,INDUSINDBK.NS,0.3886,0.7605,,,9,5,-0.2198,0.8381,0.3378,1.0,0.0
2026-07-01,INFY.NS,-0.2412,-0.5245,,,19,23,-0.7207,0.518,-0.7704,-0.2315,0.0
2026-07-01,ITC.NS,-0.2838,0.5256,,,11,6,-0.7465,0.6651,0.1923,1.0,0.0
2026-07-01,JSWSTEEL.NS,0.18,0.7605,,,8,5,-0.3932,0.7683,0.3464,1.0,0.0
2026-07-01,KOTAKBANK.NS,-0.8615,-0.0291,,,14,11,-0.9311,-0.6615,-0.3722,0.3807,0.0
2026-07-01,LT.NS,-0.7564,0.0059,,,11,10,-0.8919,0.1241,-0.4778,0.6912,0.0
2026-07-01,LTIM.NS,-0.3362,0.2674,,,9,6,-0.7029,0.7064,-0.43,1.0,0.0
2026-07-01,M&M.NS,0.5314,0.5043,,,9,6,-0.216,0.872,0.1672,1.0,0.0
2026-07-01,MARUTI.NS,-0.622,0.7605,,,10,5,-0.8597,0.3997,0.3376,1.0,0.0
2026-07-01,NESTLEIND.NS,0.18,0.7605,,,8,5,-0.3673,0.7694,0.3378,1.0,0.0
2026-07-01,NTPC.NS,0.4622,0.3548,,,9,6,-0.1844,0.8534,-0.3293,1.0,0.0
2026-07-01,ONGC.NS,-0.196,0.3612,,,12,7,-0.7418,0.8049,0.0773,0.8329,0.0
2026-07-01,POWERGRID.NS,0.2021,0.6012,,,10,8,-0.3615,0.8145,0.2378,0.8837,0.0
2026-07-01,RELIANCE.NS,0.4516,0.2883,,,13,10,-0.1436,0.8185,0.0658,0.6038,0.0
2026-07-01,SBILIFE.NS,0.18,0.7605,,,8,5,-0.3902,0.7696,0.3378,1.0,0.0
2026-07-01,SBIN.NS,0.6621,0.3328,,,10,10,0.0067,0.8083,0.0775,0.671,0.0
2026-07-01,SHRIRAMFIN.NS,0.7908,0.3377,,,10,7,-0.0166,0.8948,0.0688,0.8344,0.0
2026-07-01,SUNPHARMA.NS,0.597,0.6369,,,10,7,-0.0358,0.8385,0.2721,1.0,0.0
2026-07-01,TATACONSUM.NS,-0.1976,0.0463,,,12,8,-0.8693,0.8208,-0.4516,0.709,0.0
2026-07-01,TATAMOTORS.NS,0.6541,0.4138,,,10,7,0.0815,0.8818,0.0978,1.0,0.0
2026-07-01,TATASTEEL.NS,-0.7101,0.0723,,,9,6,-0.904,0.6877,-0.5907,1.0,0.0
2026-07-01,TCS.NS,-0.8203,-0.5305,,,20,25,-0.9114,-0.4489,-0.749,-0.2688,0.0
2026-07-01,TECHM.NS,0.3319,0.2968,,,11,7,-0.6226,0.8144,-0.2111,0.8297,0.0
2026-07-01,TITAN.NS,0.3379,0.7949,,,9,6,-0.2538,0.7156,0.4284,1.0,0.0
2026-07-01,ULTRACEMCO.NS,-0.3931,0.5008,,,9,6,-0.7061,0.7167,0.1773,1.0,0.0
2026-07-01,WIPRO.NS,0.18,0.7605,,,8,5,-0.357,0.763,0.3378,1.0,0.0
2026-07-03,ADANIENT.NS,0.4481,0.2552,,,17,13,-0.391,0.8516,-0.0075,0.6228,0.0
2026-07-03,ADANIPORTS.NS,0.6857,0.1576,,,13,10,0.0025,0.8809,-0.0347,0.4933,0.0
2026-07-03,APOLLOHOSP.NS,0.6064,0.2246,,,11,8,-0.4643,0.8874,-0.053,0.754,0.0
2026-07-03,ASIANPAINT.NS,0.5895,-0.0426,,,12,8,-0.2122,0.8272,-0.5618,0.762,0.0
2026-07-03,AXISBANK.NS,-0.1301,0.0059,,,13,10,-0.6524,0.5298,-0.4144,0.4864,0.0
2026-07-03,BAJAJ-AUTO.NS,-0.5394,0.1211,,,11,9,-0.8525,0.6277,-0.1683,0.6567,0.0
2026-07-03,BAJAJFINSV.NS,0.5751,0.2207,,,11,8,-0.4369,0.8715,-0.0493,0.7468,0.0
2026-07-03,BAJFINANCE.NS,0.6365,0.2163,,,11,8,-0.472,0.8966,-0.0485,0.7263,0.0
2026-07-03,BHARTIARTL.NS,0.4288,0.2417,,,12,9,-0.283,0.7949,-0.056,0.6631,0.0
2026-07-03,BPCL.NS,-0.0808,0.2604,,,13,10,-0.7591,0.5913,0.0054,0.6642,0.0
2026-07-03,BRITANNIA.NS,0.6145,0.3357,,,12,9,-0.2727,0.8747,0.0056,0.8034,0.0
2026-07-03,CIPLA.NS,0.507,0.2963,,,13,10,-0.2264,0.8576,0.0103,0.7051,0.0
2026-07-03,COALINDIA.NS,0.2187,0.2754,,,12,8,-0.3453,0.6506,-0.0638,0.8483,0.0
2026-07-03,DIVISLAB.NS,0.0642,0.3071,,,12,7,-0.7591,0.7861,-0.068,0.925,0.0
2026-07-03,DRREDDY.NS,0.3913,0.1584,,,16,11,-0.1561,0.7663,-0.0384,0.4636,0.0
2026-07-03,EICHERMOT.NS,0.0244,0.1999,,,13,9,-0.6612,0.8142,-0.0457,0.6762,0.0
2026-07-03,GRASIM.NS,-0.0968,0.3071,,,11,7,-0.705,0.6287,-0.094,0.92,0.0
2026-07-03,HCLTECH.NS,0.8193,0.1471,,,16,12,0.5966,0.8943,-0.2263,0.5624,0.0
2026-07-03,HDFCBANK.NS,0.467,0.0602,,,17,12,-0.3222,0.8201,-0.2326,0.4336,0.0
2026-07-03,HDFCLIFE.NS,-0.0695,-0.0329,,,14,10,-0.6592,0.7608,-0.4295,0.4924,0.0
2026-07-03,HEROMOTOCO.NS,-0.1146,0.0664,,,14,9,-0.732,0.6917,-0.2971,0.5719,0.0
2026-07-03,HINDALCO.NS,-0.3908,0.067,,,14,9,-0.7568,0.1594,-0.3305,0.5798,0.0
2026-07-03,HINDUNILVR.NS,0.1301,0.2273,,,13,9,-0.4282,0.5598,-0.0476,0.6633,0.0
2026-07-03,ICICIBANK.NS,0.0192,0.2507,,,13,8,-0.6008,0.7636,-0.0516,0.7624,0.0
2026-07-03,INDUSINDBK.NS,0.209,0.2566,,,11,8,-0.4824,0.8043,-0.0571,0.7757,0.0
2026-07-03,INFY.NS,0.0491,0.1225,,,23,13,-0.4193,0.4636,-0.1217,0.4565,0.0
2026-07-03,ITC.NS,0.1834,0.2683,,,11,8,-0.4846,0.7556,-0.0612,0.8412,0.0
2026-07-03,JSWSTEEL.NS,0.2236,0.3071,,,12,7,-0.5547,0.745,-0.1008,0.9191,0.0
2026-07-03,KOTAKBANK.NS,-0.1326,0.0171,,,17,10,-0.7523,0.507,-0.3952,0.5089,0.0
2026-07-03,LT.NS,0.3307,-0.0703,,,16,10,-0.3556,0.7917,-0.4829,0.4682,0.0
2026-07-03,LTIM.NS,0.2092,0.2566,,,11,8,-0.5012,0.792,-0.059,0.762,0.0
2026-07-03,M&M.NS,0.359,0.2485,,,12,8,-0.2566,0.7672,-0.0465,0.7387,0.0
2026-07-03,MARUTI.NS,0.3061,-0.0606,,,12,8,-0.6914,0.7926,-0.5724,0.826,0.0
2026-07-03,NESTLEIND.NS,0.5339,0.3071,,,12,7,-0.3865,0.8303,-0.0602,0.9189,0.0
2026-07-03,NTPC.NS,0.6537,0.19,,,14,9,-0.1277,0.8865,-0.0487,0.6392,0.0
2026-07-03,ONGC.NS,0.4815,0.1476,,,17,10,-0.2389,0.8175,-0.0344,0.4876,0.0
2026-07-03,POWERGRID.NS,0.5637,0.2316,,,13,10,-0.3196,0.8386,-0.007,0.6738,0.0
2026-07-03,RELIANCE.NS,0.1753,0.2116,,,11,10,-0.4516,0.7627,-0.0496,0.578,0.0
2026-07-03,SBILIFE.NS,0.5909,0.3569,,,13,8,0.026,0.8173,-0.0078,1.0,0.0
2026-07-03,SBIN.NS,0.326,0.222,,,14,8,-0.5013,0.8463,-0.0444,0.7755,0.0
2026-07-03,SHRIRAMFIN.NS,0.5375,0.1942,,,12,9,-0.2555,0.8567,-0.0478,0.5957,0.0
2026-07-03,SUNPHARMA.NS,0.5733,0.3641,,,13,9,-0.178,0.8637,0.0084,0.8946,0.0
2026-07-03,TATACONSUM.NS,0.3656,0.1898,,,14,9,-0.415,0.829,-0.0564,0.61,0.0
2026-07-03,TATAMOTORS.NS,0.6171,0.1714,,,12,10,-0.2392,0.8781,-0.0424,0.4862,0.0
2026-07-03,TATASTEEL.NS,0.237,0.0226,,,13,8,-0.5316,0.769,-0.4742,0.7534,0.0
2026-07-03,TCS.NS,-0.0509,0.0639,,,25,16,-0.5674,0.4193,-0.2713,0.4285,0.0
2026-07-03,TECHM.NS,0.1758,0.4389,,,15,8,-0.521,0.6619,0.0079,0.9495,0.0
2026-07-03,TITAN.NS,0.0678,0.3071,,,10,7,-0.581,0.7766,-0.0712,0.9196,0.0
2026-07-03,ULTRACEMCO.NS,0.3302,0.2197,,,14,10,-0.4848,0.6949,-0.1619,0.6849,0.0
2026-07-03,WIPRO.NS,-0.2221,-0.0678,,,15,11,-0.7575,0.5055,-0.5038,0.5502,0.0
